,Shapiro-Wilk Statistic,p-value
PR,0.0703553426925474,1.6088801352264388e-136
commit,0.0016394596600977085,1.2454027752644511e-138
issue,0.03446653820093537,1.222276757396573e-137
repo,0.01658022107487711,3.4920428583745607e-138
